{"_step":39,"Batch Loss":0.5032224059104919,"_timestamp":1.7292550224108016e+09,"_runtime":1.3638154,"Average Epoch Loss":0.5032224059104919,"_wandb":{"runtime":1}}