{"_timestamp":1.7292504948115253e+09,"_runtime":2057.8046103,"_step":140759,"average_loss":0.42726691261623184,"_wandb":{"runtime":2057},"loss":0.49783122539520264,"learning_rate":0.001}