{"_runtime":70.0491632,"Average Epoch Loss":3721.8827727319795,"_wandb":{"runtime":80},"_step":11114,"Batch Loss":2128.011962890625,"_timestamp":1.729253289738435e+09}