{"_step":401,"_wandb":{"runtime":4},"Batch Loss":4698.14794921875,"_timestamp":1.72926106087428e+09,"_runtime":4.5687934}