{"_runtime":0.7647168,"_step":39,"Average Epoch Loss":1.6854610443115234,"_wandb":{"runtime":0},"Batch Loss":1.6854610443115234,"_timestamp":1.729255226501951e+09}