{"_timestamp":1.7292556414711158e+09,"_runtime":3.1390989,"_step":599,"Average Epoch Loss":718.8098754882812,"_wandb":{"runtime":3},"Batch Loss":718.8098754882812}