{"_step":24059,"Average Epoch Loss":3721.9471101439667,"_wandb":{"runtime":151},"Batch Loss":2815.8251953125,"_timestamp":1.7292527502909818e+09,"_runtime":151.535582}