{"_step":20503,"Batch Loss":2003.530517578125,"_timestamp":1.7292543567446094e+09,"_runtime":184.0322108,"Average Epoch Loss":3722.17805033662,"_wandb":{"runtime":263}}