{"_runtime":0.7577953,"_step":39,"Average Epoch Loss":720.7089233398438,"_wandb":{"runtime":0},"Batch Loss":720.7089233398438,"_timestamp":1.7292556139184237e+09}