{"_step":24059,"Batch Loss":3954.097412109375,"Average Epoch Loss":3722.4295220325494,"_wandb":{"runtime":216},"_timestamp":1.7292541117337637e+09,"_runtime":216.6138097}