{"_runtime":147.4698846,"_step":24059,"Average Epoch Loss":3721.9441819157273,"_wandb":{"runtime":147},"Batch Loss":3237.2119140625,"_timestamp":1.7292535439106495e+09}