{"Average Epoch Loss":3723.472651098176,"_wandb":{"runtime":603},"Batch Loss":4720.14501953125,"_timestamp":1.729256143133437e+09,"_runtime":180.9992112,"_step":20807}