{"_wandb":{"runtime":88},"_runtime":88.0193913,"_step":13888,"Batch Loss":2087.023193359375,"_timestamp":1.7292531354034722e+09,"Average Epoch Loss":3721.9088101646757}