{"_timestamp":1.7292551967651339e+09,"_runtime":0.7724716,"_step":39,"Batch Loss":42.31609344482422,"Average Epoch Loss":42.31609344482422,"_wandb":{"runtime":0}}