{"_runtime":1.6375848,"_step":149,"Batch Loss":4691.17578125,"Average Epoch Loss":4765.92138671875,"_wandb":{"runtime":1},"_timestamp":1.7292559295164046e+09}