{"_timestamp":1.7292547951302392e+09,"_runtime":357.2450712,"_step":39676,"Average Epoch Loss":3722.2132543996067,"_wandb":{"runtime":357},"Batch Loss":1955.1141357421875}