{"_timestamp":1.7292590515372796e+09,"_runtime":458.6589725,"_step":48119,"Average Epoch Loss":3389.24047582551,"_wandb":{"runtime":458},"Batch Loss":4088.139404296875}