{"_timestamp":1.7292541607972317e+09,"_wandb":{"runtime":14},"_runtime":14.5274166,"_step":1527,"Batch Loss":4048.810546875}