{"Batch Loss":150.0858154296875,"_timestamp":1.7292555882210305e+09,"_runtime":1.3863249,"_step":39,"Average Epoch Loss":150.0858154296875,"_wandb":{"runtime":1}}