{"_timestamp":1.7292533690873563e+09,"_runtime":66.7572294,"_step":10408,"Average Epoch Loss":12.900802632131596,"_wandb":{"runtime":66},"Batch Loss":11.384756088256836}