{"Batch Loss":30.704143524169922,"_timestamp":1.729255460777508e+09,"Average Epoch Loss":30.704143524169922,"_wandb":{"runtime":0},"_runtime":0.8749773,"_step":39}