{"_timestamp":1.7292555384864738e+09,"Average Epoch Loss":3.6049838066101074,"_wandb":{"runtime":1},"_runtime":1.3065015,"_step":39,"Batch Loss":3.6049838066101074}