{"_timestamp":1.7292555091750202e+09,"_runtime":1.3176805,"_step":39,"Average Epoch Loss":130.2403564453125,"_wandb":{"runtime":1},"Batch Loss":130.2403564453125}