{"Average Epoch Loss":719.0228881835938,"_wandb":{"runtime":0},"Batch Loss":719.0228881835938,"_timestamp":1.7292558918614492e+09,"_runtime":0.8127181,"_step":99}