{"_step":39,"Batch Loss":775.67919921875,"Average Epoch Loss":775.67919921875,"_wandb":{"runtime":0},"_timestamp":1.729255878563651e+09,"_runtime":0.6846162}