{"_runtime":1.0405611,"_step":99,"Batch Loss":718.8167724609375,"_timestamp":1.729255626102169e+09,"Average Epoch Loss":718.8167724609375,"_wandb":{"runtime":1}}